District,State,Days,WetDays,ObsMean,ServedMean,RawRMSE,RMSE,Bias,WetF1,Recall,Precision,P90Err,MaxErr
Satna,Madhya Pradesh,365,137,15.69,6.55,37.41,34.04,-9.14,0.798,0.737,0.871,32.57,348.9
Hoshiarpur,Punjab,365,163,14.2,2.36,30.13,28.46,-11.84,0.494,0.387,0.685,36.35,177.6
Niwari,Madhya Pradesh,365,133,11.67,3.98,30.6,27.56,-7.69,0.774,0.684,0.892,22.84,206.6
Shimla,Himachal Pradesh,365,150,13.02,6.44,28.64,27.08,-6.58,0.616,0.7,0.55,31.84,177.6
East Siang,Arunachal Pradesh,365,145,11.5,4.94,28.28,24.03,-6.56,0.667,0.724,0.618,30.43,175.1
Panna,Madhya Pradesh,365,120,8.15,11.73,21.94,23.76,3.58,0.743,0.783,0.707,41.42,151.4
Bokaro,Jharkhand,365,103,9.43,5.95,24.27,23.72,-3.48,0.735,0.835,0.656,23.84,170.7
Amritsar,Punjab,365,139,11.71,4.3,26.57,23.48,-7.41,0.654,0.619,0.694,26.49,153.6
Lunglei,Mizoram,365,53,2.06,15.08,13.03,23.1,13.02,0.423,0.906,0.276,41.76,82.0
Wanaparthy,Telangana,365,117,8.23,1.85,22.76,22.55,-6.38,0.408,0.333,0.527,22.68,175.4
Kaimur,Bihar,365,62,4.72,4.36,21.92,22.02,-0.35,0.466,0.661,0.36,17.27,302.1
Una,Himachal Pradesh,365,147,10.47,4.31,23.71,21.49,-6.16,0.602,0.551,0.664,23.7,166.2
Mirzapur,Uttar Pradesh,365,70,5.27,4.08,22.62,21.24,-1.2,0.5,0.643,0.409,18.57,301.5
Palnadu,Andhra Pradesh,365,134,8.63,1.52,21.18,20.92,-7.11,0.383,0.306,0.512,24.88,146.2
Saitual,Mizoram,365,70,3.17,14.86,12.92,20.83,11.69,0.52,0.943,0.359,38.57,61.8
Garhwa,Jharkhand,365,125,11.6,5.41,23.6,20.73,-6.2,0.854,0.84,0.868,28.11,132.7
Champhai,Mizoram,365,76,3.63,14.96,9.67,20.54,11.33,0.536,0.934,0.376,37.82,58.9
Mancherial,Telangana,1095,99,2.23,1.68,22.2,20.33,-0.55,0.3,0.545,0.207,7.09,371.5
Chatra,Jharkhand,365,64,1.96,11.93,9.42,20.13,9.97,0.414,0.656,0.302,39.3,62.7
Serchhip,Mizoram,365,70,3.17,13.19,12.78,19.62,10.01,0.548,0.943,0.386,36.55,65.5
Kolasib,Mizoram,365,96,4.99,13.95,13.74,19.57,8.96,0.623,0.896,0.478,34.32,68.8
Pherzawl,Manipur,365,70,3.09,12.03,10.29,19.03,8.94,0.442,0.757,0.312,32.76,77.0
Khawzawl,Mizoram,365,78,3.37,12.47,10.52,19.02,9.1,0.558,0.923,0.4,34.83,82.7
Shi Yomi,Arunachal Pradesh,365,63,2.48,13.24,19.71,18.96,10.75,0.338,0.794,0.215,34.14,63.3
Aurangabad,Bihar,365,49,4.06,6.33,19.13,18.95,2.27,0.462,0.796,0.325,24.8,182.5
Aizawl,Mizoram,365,93,4.41,12.28,11.76,18.77,7.87,0.552,0.828,0.414,36.57,69.5
Koderma,Jharkhand,365,45,2.95,8.46,13.65,18.41,5.51,0.416,0.822,0.278,33.2,113.8
Hnahthial,Mizoram,365,70,3.7,10.99,13.98,18.25,7.28,0.498,0.843,0.353,32.33,86.7
Rayagada,Odisha,365,59,5.64,2.46,18.05,18.06,-3.17,0.448,0.661,0.339,15.3,150.0
Jagtial,Telangana,730,72,2.19,1.98,19.52,17.92,-0.21,0.298,0.5,0.212,7.99,312.7
Upper Subansiri,Arunachal Pradesh,365,71,2.13,12.17,15.55,17.9,10.04,0.343,0.718,0.226,35.83,67.1
Upper Siang,Arunachal Pradesh,365,73,2.77,12.72,16.59,17.82,9.94,0.367,0.795,0.239,30.41,66.5
Nirmal,Telangana,730,72,2.75,1.34,19.26,17.73,-1.41,0.367,0.5,0.29,6.82,298.1
Deoghar,Jharkhand,365,81,5.39,6.93,16.9,17.67,1.54,0.612,0.827,0.486,26.07,151.1
Hazaribagh,Jharkhand,365,120,7.21,11.62,16.42,17.59,4.42,0.803,0.85,0.761,30.49,101.0
Khandwa,Madhya Pradesh,365,98,6.34,3.41,17.87,17.17,-2.93,0.619,0.622,0.616,17.36,163.4
Mamit,Mizoram,365,104,5.54,11.48,13.85,16.78,5.93,0.652,0.827,0.538,30.77,70.9
Durg,Chhattisgarh,365,112,6.54,3.5,16.16,16.48,-3.04,0.655,0.67,0.641,18.68,176.5
Lepa Rada,Arunachal Pradesh,365,131,6.41,8.38,17.17,16.46,1.97,0.618,0.718,0.543,27.36,126.7
Kaushambi,Uttar Pradesh,365,73,4.78,2.71,18.02,16.4,-2.07,0.518,0.603,0.454,14.42,149.8
Gomati,Tripura,365,65,3.65,7.13,16.46,16.15,3.48,0.496,0.862,0.348,19.87,186.4
Nanded,Maharashtra,365,35,2.25,1.7,17.54,16.05,-0.55,0.274,0.457,0.195,7.36,265.5
Pathankot,Punjab,365,60,4.62,1.45,18.26,15.81,-3.17,0.089,0.1,0.08,16.22,138.2
Siang,Arunachal Pradesh,365,85,3.0,10.4,16.74,15.66,7.4,0.436,0.765,0.305,29.58,49.9
Rohtas,Bihar,365,72,4.55,4.09,17.35,15.65,-0.46,0.471,0.611,0.383,16.84,169.7
Varanasi,Uttar Pradesh,730,198,5.98,3.06,16.96,15.46,-2.92,0.553,0.556,0.55,18.05,115.5
Arwal,Bihar,365,94,5.85,4.14,16.81,15.03,-1.72,0.595,0.649,0.55,17.4,131.4
Prayagraj,Uttar Pradesh,730,118,3.85,3.0,14.65,14.94,-0.85,0.4,0.525,0.323,15.02,143.8
Adilabad,Telangana,365,70,5.47,1.98,16.25,14.93,-3.49,0.547,0.586,0.512,13.98,119.9
Anjaw,Arunachal Pradesh,365,71,2.44,9.48,15.54,14.93,7.03,0.388,0.718,0.266,26.16,57.9
Nandyal,Andhra Pradesh,365,60,3.32,1.35,15.92,14.65,-1.98,0.264,0.283,0.246,10.53,233.6
Dhanbad,Jharkhand,365,55,2.67,6.37,13.0,14.4,3.7,0.376,0.636,0.267,25.84,100.7
Satara,Maharashtra,365,138,5.89,2.17,14.68,14.32,-3.73,0.599,0.514,0.717,15.77,125.8
Dumka,Jharkhand,365,71,3.64,6.28,13.1,14.25,2.64,0.521,0.789,0.389,19.97,113.0
Sangli,Maharashtra,365,88,4.81,1.8,15.07,14.02,-3.0,0.471,0.466,0.477,12.12,127.3
Bapatla,Andhra Pradesh,365,165,7.75,2.07,16.16,13.86,-5.68,0.489,0.394,0.644,19.64,93.6
Sonbhadra,Uttar Pradesh,365,59,3.07,6.44,11.49,13.86,3.38,0.503,0.763,0.375,22.72,57.5
Krishna,Andhra Pradesh,365,94,5.51,2.18,14.33,13.85,-3.34,0.424,0.457,0.394,18.17,72.2
Machilipatnam,Andhra Pradesh,365,94,5.51,2.1,14.17,13.75,-3.41,0.416,0.436,0.398,18.03,72.2
Bijapur,Chhattisgarh,365,50,3.26,2.52,16.36,13.72,-0.74,0.466,0.76,0.336,10.01,151.1
Puri,Odisha,365,89,5.45,3.01,15.01,13.62,-2.44,0.636,0.787,0.534,12.91,99.8
Giridih,Jharkhand,365,47,2.82,6.75,11.35,13.43,3.93,0.411,0.809,0.275,25.29,59.6
Rewa,Madhya Pradesh,365,77,3.03,6.62,10.36,13.37,3.58,0.551,0.701,0.454,22.3,61.9
Lakhisarai,Bihar,365,97,5.09,4.86,14.79,13.3,-0.23,0.673,0.753,0.608,18.54,117.6
Lower Dibang Valley,Arunachal Pradesh,365,70,3.15,7.03,19.0,13.23,3.88,0.348,0.614,0.243,21.71,65.9
Dibang Valley,Arunachal Pradesh,365,70,3.15,7.03,19.0,13.23,3.88,0.348,0.614,0.243,21.71,65.9
Jalna,Maharashtra,365,59,3.67,1.56,14.19,13.17,-2.11,0.496,0.559,0.446,9.5,125.2
Bhandara,Maharashtra,365,106,5.94,4.05,13.89,13.16,-1.89,0.67,0.651,0.69,18.01,111.0
Gaya,Bihar,365,50,2.75,6.25,12.2,13.09,3.5,0.456,0.78,0.322,22.24,57.8
Cuttack,Odisha,365,96,5.01,4.37,14.49,12.99,-0.63,0.653,0.802,0.55,15.95,166.7
Parbhani,Maharashtra,365,43,2.52,1.68,14.84,12.94,-0.84,0.29,0.419,0.222,8.54,184.6
Jalaun,Uttar Pradesh,365,82,4.64,2.74,13.84,12.9,-1.9,0.514,0.573,0.465,14.89,96.9
South Tripura,Tripura,365,60,2.49,6.76,13.23,12.88,4.27,0.443,0.783,0.309,19.77,107.1
Ballia,Uttar Pradesh,365,91,4.25,3.32,13.97,12.77,-0.93,0.4,0.429,0.375,15.79,121.8
Bhadohi,Uttar Pradesh,365,75,3.8,2.74,12.56,12.77,-1.07,0.465,0.533,0.412,16.01,168.4
Prakasam,Andhra Pradesh,365,75,4.05,1.51,15.16,12.75,-2.54,0.311,0.307,0.315,10.73,96.7
Jaipur,Rajasthan,365,73,3.57,1.73,13.51,12.68,-1.84,0.286,0.301,0.272,11.07,121.5
Khurda,Odisha,365,93,5.1,3.0,14.12,12.64,-2.09,0.607,0.731,0.519,15.86,129.7
Jamtara,Jharkhand,365,50,2.22,5.69,11.17,12.62,3.47,0.393,0.7,0.273,18.66,99.2
Chandauli,Uttar Pradesh,365,64,3.39,4.06,13.89,12.42,0.66,0.515,0.688,0.411,16.97,115.2
Karauli,Rajasthan,365,63,3.73,1.8,12.78,12.28,-1.93,0.42,0.476,0.375,14.15,87.5
Godda,Jharkhand,365,96,4.66,4.36,13.72,12.13,-0.29,0.636,0.729,0.565,14.79,130.8
Burhanpur,Madhya Pradesh,365,73,4.41,3.38,12.54,12.13,-1.04,0.582,0.658,0.522,14.86,88.4
Nabarangpur,Odisha,365,59,3.06,4.17,13.69,12.09,1.1,0.561,0.932,0.401,11.82,154.8
Chitrakoot,Uttar Pradesh,365,64,3.66,3.57,13.68,12.07,-0.09,0.472,0.656,0.368,16.85,73.1
Kullu,Himachal Pradesh,365,67,3.83,1.54,17.38,12.03,-2.3,0.165,0.164,0.167,14.18,117.3
Chhatarpur,Madhya Pradesh,365,99,4.7,5.62,12.28,11.93,0.92,0.654,0.707,0.609,19.66,65.8
Devbhoomi Dwarka,Gujarat,365,71,3.82,2.52,13.0,11.93,-1.29,0.518,0.606,0.453,12.31,109.2
Gwalior,Madhya Pradesh,365,60,3.54,1.85,12.97,11.89,-1.69,0.432,0.5,0.38,12.24,94.7
Gariaband,Chhattisgarh,365,95,4.5,3.82,12.74,11.89,-0.68,0.67,0.737,0.614,13.35,112.1
Nellore,Andhra Pradesh,365,52,2.79,1.7,15.48,11.78,-1.09,0.248,0.308,0.208,9.15,108.2
Sheikhpura,Bihar,365,87,4.3,4.51,12.74,11.77,0.21,0.628,0.747,0.542,17.61,74.5
Sepahijala,Tripura,365,72,3.34,7.0,11.54,11.77,3.66,0.546,0.861,0.4,19.1,66.1
Kolhapur,Maharashtra,365,64,2.88,1.69,13.74,11.75,-1.19,0.411,0.469,0.366,8.97,162.9
Yadgir,Karnataka,365,111,5.42,1.74,12.27,11.72,-3.68,0.444,0.378,0.538,17.61,61.6
Rajnandgaon,Chhattisgarh,365,119,6.34,3.85,11.64,11.71,-2.49,0.675,0.647,0.706,18.98,66.0
Balod,Chhattisgarh,365,119,6.34,4.1,11.66,11.71,-2.24,0.687,0.672,0.702,19.08,55.3
Jamui,Bihar,365,94,4.81,4.46,13.26,11.67,-0.35,0.61,0.681,0.552,17.93,92.4
Begusarai,Bihar,365,73,3.4,3.32,12.67,11.67,-0.09,0.448,0.562,0.373,15.15,80.5
Dhalai,Tripura,365,103,4.66,6.55,12.98,11.56,1.89,0.608,0.806,0.488,16.25,89.6
Nalanda,Bihar,365,99,4.53,4.34,13.02,11.5,-0.19,0.692,0.747,0.643,17.87,103.4
Mahasamund,Chhattisgarh,365,108,5.56,3.34,12.72,11.5,-2.22,0.655,0.676,0.635,16.65,66.8
Guntur,Andhra Pradesh,365,83,4.45,2.1,11.77,11.4,-2.35,0.426,0.47,0.39,14.55,91.6
Pakur,Jharkhand,365,108,4.66,7.1,11.08,11.4,2.44,0.645,0.75,0.566,21.11,51.3
Buxar,Bihar,365,97,4.2,3.26,12.1,11.39,-0.94,0.46,0.474,0.447,18.3,107.2
Khowai,Tripura,365,98,4.66,6.84,12.22,11.34,2.19,0.611,0.827,0.485,16.91,56.4
Boudh,Odisha,365,99,5.24,5.85,11.76,11.29,0.61,0.684,0.818,0.587,15.52,76.8
Nagpur,Maharashtra,365,97,4.71,3.46,12.47,11.29,-1.25,0.716,0.701,0.731,14.76,92.0
Narayanpet,Telangana,365,119,4.68,1.97,11.29,11.29,-2.71,0.406,0.336,0.513,17.47,106.6
Orai,Uttar Pradesh,365,87,4.05,2.97,12.18,11.28,-1.09,0.558,0.632,0.5,13.47,122.7
Khargone,Madhya Pradesh,365,106,4.74,3.12,11.17,11.26,-1.62,0.621,0.594,0.649,17.25,81.5
Chitradurga,Karnataka,365,46,1.98,3.38,9.71,11.26,1.4,0.306,0.478,0.224,13.21,113.1
Buldhana,Maharashtra,365,91,4.42,5.9,10.61,11.25,1.48,0.724,0.78,0.676,19.75,57.6
Kendrapara,Odisha,365,102,5.43,4.6,11.92,11.21,-0.83,0.653,0.784,0.559,16.29,77.3
Srikakulam,Andhra Pradesh,365,66,3.46,2.74,13.11,11.19,-0.72,0.49,0.712,0.373,11.25,95.0
Kandhamal,Odisha,365,97,4.44,4.52,11.56,11.17,0.08,0.632,0.814,0.516,13.87,92.3
Rajkot,Gujarat,365,71,3.87,2.8,12.29,11.16,-1.07,0.571,0.648,0.511,12.7,99.8
Balangir,Odisha,365,100,5.08,3.96,12.92,11.12,-1.12,0.638,0.68,0.602,11.77,83.0
Bhagalpur,Bihar,365,111,4.24,5.14,11.6,11.11,0.9,0.571,0.613,0.535,17.46,80.1
West Tripura,Tripura,365,98,4.66,6.72,12.07,11.11,2.06,0.625,0.816,0.506,16.08,67.5
Banda,Uttar Pradesh,730,170,4.26,2.34,16.72,11.07,-1.92,0.428,0.435,0.42,15.59,74.2
Gondia,Maharashtra,365,96,4.36,3.87,16.05,11.02,-0.49,0.676,0.74,0.623,14.41,62.4
Nawada,Bihar,730,136,3.51,4.37,12.19,10.99,0.86,0.543,0.735,0.431,14.29,96.9
Sahibganj,Jharkhand,365,90,3.67,4.89,11.12,10.93,1.22,0.471,0.589,0.393,18.63,71.3
Subarnapur,Odisha,365,89,4.97,4.76,11.58,10.91,-0.21,0.593,0.753,0.489,14.59,85.3
Gir Somnath,Gujarat,365,72,3.74,3.29,12.68,10.89,-0.44,0.724,0.819,0.648,12.81,82.7
Amravati,Maharashtra,365,71,3.92,3.91,11.51,10.84,-0.02,0.634,0.732,0.559,14.02,88.2
Banka,Bihar,365,93,4.26,4.49,12.52,10.81,0.23,0.658,0.774,0.571,15.66,107.8
Bagalkot,Karnataka,365,55,2.36,1.69,11.6,10.78,-0.67,0.397,0.436,0.364,9.63,138.7
Jagatsinghpur,Odisha,365,110,4.65,4.16,12.41,10.78,-0.5,0.661,0.773,0.578,13.23,124.7
Dantewada,Chhattisgarh,365,69,3.33,2.97,12.15,10.75,-0.36,0.542,0.754,0.423,10.43,123.0
Jalgaon,Maharashtra,365,81,4.15,4.96,11.03,10.72,0.81,0.728,0.827,0.65,16.77,71.9
Raichur,Karnataka,365,54,2.45,2.03,11.71,10.69,-0.41,0.368,0.426,0.324,9.99,127.6
Amethi,Uttar Pradesh,365,86,3.72,2.77,11.39,10.63,-0.95,0.394,0.43,0.363,16.56,76.2
Ajmer,Rajasthan,365,62,3.23,0.99,11.23,10.5,-2.24,0.265,0.242,0.294,9.57,111.6
Hamirpur,Himachal Pradesh,730,153,3.76,2.0,12.8,10.5,-1.77,0.414,0.412,0.417,13.64,98.8
Bemetara,Chhattisgarh,365,116,5.32,3.46,11.27,10.43,-1.86,0.696,0.69,0.702,14.47,76.6
Khagaria,Bihar,365,72,3.31,3.52,11.28,10.42,0.21,0.44,0.583,0.353,16.01,61.6
Angul,Odisha,365,104,5.47,4.19,11.27,10.37,-1.28,0.67,0.75,0.605,14.76,61.4
Tirupati,Andhra Pradesh,365,32,2.0,1.7,11.85,10.31,-0.3,0.158,0.281,0.11,9.08,117.4
Munger,Bihar,365,72,3.31,3.49,11.16,10.3,0.18,0.449,0.583,0.365,15.34,61.6
Ahmednagar,Maharashtra,365,25,1.66,1.67,11.73,10.29,0.01,0.158,0.32,0.105,8.7,132.6
Dr. B.R. Ambedkar Konaseema,Andhra Pradesh,365,111,4.69,2.29,12.88,10.29,-2.4,0.468,0.468,0.468,15.07,85.5
Amreli,Gujarat,365,70,3.06,2.41,13.48,10.23,-0.65,0.561,0.629,0.506,11.23,112.3
Davangere,Karnataka,365,38,2.38,2.74,10.88,10.22,0.36,0.248,0.447,0.172,10.67,61.6
Jaunpur,Uttar Pradesh,365,86,3.69,3.13,11.42,10.21,-0.56,0.55,0.605,0.505,13.77,88.8
Morena,Madhya Pradesh,365,88,3.94,1.95,11.02,10.19,-1.99,0.429,0.432,0.427,12.57,68.5
Tonk,Rajasthan,365,76,3.61,1.02,13.44,10.18,-2.59,0.248,0.224,0.279,11.76,73.9
Botad,Gujarat,365,77,3.36,2.48,13.08,10.15,-0.88,0.57,0.61,0.534,12.23,103.2
Narmada,Gujarat,730,162,3.57,3.43,10.54,10.15,-0.13,0.567,0.63,0.515,14.77,88.3
Ratnagiri,Maharashtra,365,101,4.08,1.76,21.79,10.14,-2.32,0.51,0.485,0.538,11.16,75.3
Fatehpur,Uttar Pradesh,365,88,3.98,2.75,11.17,10.14,-1.24,0.495,0.511,0.479,15.02,67.8
Solapur,Maharashtra,365,110,4.32,1.9,11.04,10.08,-2.42,0.453,0.391,0.538,11.75,81.5
Chhatrapati Sambhajinagar,Maharashtra,365,59,3.09,1.4,11.01,10.07,-1.7,0.484,0.525,0.449,9.22,98.9
Suryapet,Telangana,365,144,5.33,1.4,11.82,10.06,-3.92,0.4,0.299,0.606,15.68,69.0
Chhota Udaipur,Gujarat,365,111,4.69,2.7,10.76,10.0,-1.99,0.617,0.595,0.641,13.08,62.8
Dhenkanal,Odisha,365,99,4.31,4.41,10.23,9.94,0.1,0.698,0.818,0.609,13.78,60.9
Wardha,Maharashtra,365,87,3.96,4.08,11.96,9.94,0.13,0.693,0.713,0.674,13.89,68.6
Vadodara,Gujarat,365,101,4.45,2.26,10.5,9.87,-2.2,0.631,0.584,0.686,14.01,62.4
Gajapati,Odisha,365,61,2.99,2.73,12.32,9.86,-0.26,0.464,0.738,0.338,10.29,114.2
Jaisalmer,Rajasthan,365,75,3.63,0.67,10.22,9.83,-2.96,0.212,0.16,0.316,13.33,81.7
Barwani,Madhya Pradesh,365,95,4.24,2.57,9.69,9.8,-1.67,0.564,0.558,0.57,13.37,58.4
Charama,Chhattisgarh,365,72,3.1,4.59,10.81,9.79,1.49,0.57,0.708,0.477,14.11,55.7
Jamnagar,Gujarat,365,91,3.37,2.34,10.33,9.78,-1.03,0.543,0.516,0.573,11.33,96.5
Belagavi,Karnataka,365,41,2.06,3.49,10.89,9.78,1.43,0.393,0.805,0.26,13.1,75.7
Unakoti,Tripura,365,98,4.33,6.57,12.29,9.71,2.24,0.616,0.827,0.491,15.6,43.2
West Godavari,Andhra Pradesh,365,139,5.56,2.44,11.4,9.7,-3.12,0.546,0.511,0.587,16.68,49.6
Jagdalpur,Chhattisgarh,365,57,2.77,3.84,12.74,9.7,1.07,0.48,0.825,0.338,12.44,62.7
Datia,Madhya Pradesh,365,78,3.62,1.16,11.42,9.54,-2.46,0.362,0.321,0.417,12.21,54.3
Nalgonda,Telangana,365,145,5.14,2.02,11.05,9.53,-3.12,0.447,0.352,0.614,15.67,50.4
Nayagarh,Odisha,365,107,3.83,2.75,11.2,9.52,-1.09,0.655,0.729,0.595,8.39,102.9
Navsari,Gujarat,365,75,3.19,2.88,12.2,9.5,-0.31,0.642,0.707,0.589,9.78,100.5
Dharwad,Karnataka,365,43,1.39,4.69,8.56,9.47,3.3,0.372,0.791,0.243,15.21,48.4
Dang,Gujarat,365,52,2.5,4.16,10.55,9.43,1.67,0.481,0.846,0.336,13.52,98.6
Kanker,Chhattisgarh,365,102,4.02,3.7,10.96,9.42,-0.32,0.667,0.696,0.64,12.12,68.4
Mahbubnagar,Telangana,365,128,3.79,2.05,9.22,9.36,-1.74,0.475,0.375,0.649,11.29,83.6
Bastar,Chhattisgarh,365,64,3.2,2.55,12.36,9.36,-0.65,0.547,0.766,0.426,10.43,73.4
North Tripura,Tripura,365,98,4.33,6.5,12.83,9.36,2.17,0.632,0.857,0.5,15.66,42.6
Mahoba,Uttar Pradesh,365,80,3.63,1.74,12.6,9.34,-1.89,0.41,0.425,0.395,12.02,61.9
Ballari,Karnataka,365,19,0.38,4.0,6.28,9.33,3.62,0.175,0.579,0.103,12.4,47.9
Vijayanagara,Karnataka,365,19,0.38,4.0,6.28,9.33,3.62,0.175,0.579,0.103,12.4,47.9
Nuapada,Odisha,365,81,3.35,2.39,10.23,9.31,-0.96,0.574,0.691,0.491,8.83,61.2
Surendranagar,Gujarat,365,116,4.54,2.8,10.66,9.26,-1.74,0.63,0.586,0.68,13.59,58.8
Bhavnagar,Gujarat,365,81,3.13,2.55,13.58,9.22,-0.57,0.615,0.642,0.591,10.23,91.7
Kumuram Bheem Asifabad,Telangana,365,59,2.84,1.95,10.48,9.11,-0.89,0.482,0.576,0.415,11.51,67.4
Asifabad,Telangana,365,59,2.84,1.95,10.48,9.11,-0.89,0.482,0.576,0.415,11.51,67.4
Junagadh,Gujarat,365,87,3.62,3.12,11.17,9.07,-0.5,0.633,0.724,0.562,11.89,69.2
NTR,Andhra Pradesh,365,105,3.96,2.12,10.27,9.05,-1.84,0.408,0.41,0.406,11.67,80.2
Raipur,Chhattisgarh,365,93,3.95,3.44,9.74,9.04,-0.51,0.63,0.677,0.589,11.11,90.1
Ganjam,Odisha,365,91,3.98,2.86,10.62,8.98,-1.12,0.649,0.791,0.55,10.45,60.3
Vikarabad,Telangana,365,143,4.63,2.51,10.13,8.93,-2.12,0.522,0.413,0.711,13.98,48.4
Kalaburagi,Karnataka,365,123,3.91,1.75,10.18,8.89,-2.17,0.475,0.39,0.608,12.4,95.5
Pratapgarh,Uttar Pradesh,365,91,3.17,2.55,9.67,8.88,-0.63,0.407,0.407,0.407,12.62,63.6
Yavatmal,Maharashtra,365,70,3.84,3.5,10.35,8.79,-0.34,0.641,0.714,0.581,11.43,85.4
Gadchiroli,Maharashtra,365,62,2.62,1.81,11.52,8.73,-0.8,0.524,0.613,0.458,8.08,104.7
Morbi,Gujarat,365,93,3.57,2.18,10.56,8.69,-1.39,0.559,0.538,0.581,11.51,62.7
Akola,Maharashtra,365,88,3.64,4.26,9.57,8.69,0.62,0.733,0.75,0.717,12.12,90.0
Kurnool,Andhra Pradesh,365,55,2.59,1.82,10.35,8.64,-0.77,0.333,0.382,0.296,9.69,105.3
Narayanpur,Chhattisgarh,365,59,2.67,3.86,9.4,8.58,1.19,0.544,0.898,0.39,11.01,68.8
Mandi,Himachal Pradesh,365,64,2.66,0.83,11.69,8.58,-1.83,0.076,0.062,0.098,8.92,71.9
Sawai Madhopur,Rajasthan,365,62,2.79,1.05,12.24,8.57,-1.75,0.168,0.161,0.175,9.14,57.4
Dhamtari,Chhattisgarh,365,79,2.94,4.2,9.87,8.53,1.26,0.597,0.722,0.509,11.25,53.8
Hingoli,Maharashtra,365,52,2.52,2.06,10.37,8.38,-0.46,0.43,0.558,0.349,9.5,64.2
Palghar,Maharashtra,365,31,1.78,2.08,15.91,8.36,0.31,0.349,0.71,0.232,8.58,83.9
Koraput,Odisha,365,66,2.41,2.47,11.42,8.35,0.07,0.447,0.636,0.344,8.36,89.5
Kollam,Kerala,365,67,2.5,1.76,12.73,8.35,-0.73,0.176,0.224,0.146,7.95,72.3
Chandrapur,Maharashtra,365,64,2.95,1.65,10.54,8.35,-1.3,0.543,0.641,0.471,8.21,75.4
Kalahandi,Odisha,365,78,3.55,2.78,11.29,8.35,-0.77,0.592,0.744,0.492,11.32,50.7
Parvathipuram Manyam,Andhra Pradesh,365,56,2.25,2.49,11.87,8.32,0.24,0.442,0.714,0.32,8.33,80.1
Ghazipur,Uttar Pradesh,365,117,3.44,3.43,8.98,8.3,-0.01,0.548,0.513,0.588,14.0,45.6
Bhojpur,Bihar,365,120,3.53,3.0,9.64,8.29,-0.53,0.535,0.483,0.598,12.99,56.1
Kinnaur,Himachal Pradesh,365,50,2.26,0.86,11.44,8.21,-1.4,0.122,0.12,0.125,8.58,66.0
Eluru,Andhra Pradesh,365,88,2.93,2.08,11.91,8.13,-0.84,0.396,0.432,0.365,9.24,88.4
Gurdaspur,Punjab,365,61,2.23,1.52,13.78,8.02,-0.71,0.197,0.213,0.183,9.15,59.1
Valsad,Gujarat,365,66,2.95,3.09,11.37,8.01,0.14,0.662,0.788,0.571,10.51,50.7
Washim,Maharashtra,365,67,2.73,2.1,8.79,7.71,-0.63,0.503,0.537,0.474,10.71,61.2
Haveri,Karnataka,365,54,2.07,2.55,7.81,7.67,0.49,0.387,0.537,0.302,11.92,46.0
Dhule,Maharashtra,365,88,3.28,3.57,9.26,7.65,0.28,0.707,0.727,0.688,11.85,44.0
Porbandar,Gujarat,365,68,2.3,2.57,9.01,7.64,0.27,0.595,0.691,0.522,8.64,48.0
Uttara Kannada,Karnataka,365,58,2.36,1.83,18.51,7.57,-0.54,0.434,0.569,0.351,9.66,51.0
South Goa,Goa,365,62,2.6,1.66,19.47,7.54,-0.94,0.403,0.5,0.337,9.23,45.5
Bilaspur,Himachal Pradesh,365,76,2.52,1.3,10.97,7.5,-1.22,0.35,0.329,0.373,6.71,65.6
Gir Forest,Gujarat,365,71,2.72,2.79,9.74,7.45,0.08,0.571,0.704,0.481,11.06,50.2
Surat,Gujarat,365,68,2.77,2.67,9.54,7.4,-0.1,0.611,0.706,0.539,10.97,71.2
Gadag,Karnataka,365,39,1.56,2.6,8.16,7.36,1.04,0.313,0.538,0.221,10.57,43.9
Tapi,Gujarat,365,70,2.88,3.54,9.26,7.3,0.66,0.67,0.857,0.55,10.18,50.6
Sri Sathya Sai,Andhra Pradesh,365,39,1.43,2.02,7.47,7.21,0.58,0.25,0.359,0.192,8.13,62.0
Jhansi,Uttar Pradesh,365,57,1.88,1.52,11.17,6.91,-0.36,0.436,0.509,0.382,7.32,77.4
Anantapur,Andhra Pradesh,365,45,1.54,1.82,7.25,6.9,0.29,0.283,0.356,0.235,8.91,55.4
Vizianagaram,Andhra Pradesh,365,23,1.11,2.7,11.58,6.84,1.59,0.233,0.739,0.138,8.82,64.3
Koppal,Karnataka,365,47,1.62,2.38,8.1,6.81,0.77,0.317,0.468,0.239,8.51,51.9
Kondagaon,Chhattisgarh,365,71,2.67,3.09,9.71,6.75,0.42,0.638,0.831,0.518,9.9,66.2
YSR Kadapa,Andhra Pradesh,365,47,1.8,1.16,7.52,6.55,-0.64,0.252,0.298,0.219,7.94,46.4
Shivpuri,Madhya Pradesh,365,48,1.74,1.04,10.4,6.39,-0.7,0.175,0.188,0.164,6.89,44.5
Nashik,Maharashtra,365,40,1.48,1.81,8.63,6.16,0.32,0.384,0.6,0.282,7.45,42.5
Thiruvananthapuram,Kerala,365,48,1.76,1.89,12.04,6.04,0.13,0.202,0.354,0.142,6.98,47.3
Annamayya,Andhra Pradesh,365,56,1.98,1.64,7.22,6.03,-0.35,0.244,0.286,0.213,9.15,39.1
Bharuch,Gujarat,365,54,1.66,2.54,9.67,5.91,0.88,0.497,0.685,0.389,9.67,32.3
North Goa,Goa,365,50,1.71,2.1,18.74,5.49,0.39,0.457,0.74,0.33,7.82,29.1
Nandurbar,Maharashtra,365,72,2.04,2.41,6.6,4.91,0.38,0.599,0.694,0.526,8.42,23.0
Sindhudurg,Maharashtra,365,48,1.18,2.06,19.95,4.39,0.88,0.354,0.583,0.255,5.99,23.0
Jodhpur,Rajasthan,365,62,1.42,0.82,7.29,4.32,-0.6,0.185,0.161,0.217,6.32,34.1
Pathanamthitta,Kerala,365,25,0.69,2.03,16.38,4.23,1.35,0.103,0.32,0.062,5.45,34.5
Thoothukudi,Tamil Nadu,365,16,0.54,1.48,8.22,4.16,0.94,0.042,0.125,0.025,7.01,25.8
Tenkasi,Tamil Nadu,365,21,0.65,1.67,8.11,4.03,1.02,0.088,0.238,0.054,6.64,24.3
Tirunelveli,Tamil Nadu,365,18,0.64,1.08,9.67,3.8,0.44,0.074,0.167,0.048,4.94,42.4
